calls	retards
as	big	company	deal	did	even	ever	first	place	politics	should	starting	stunt	talk	why
ejaculate	hoping	luck	me	puss	tonight	warm	wet	wish
been	by	confirmed	its	let	months	mouth	probably	slowly	spread	trap	word
best	emails	has	me	regards	ruined	sub	think	whenever	write	wsb
dei	did	google
base	chunk	customer	idea	loyal	off	pissing	see	wasn	your
first	pilot	tarded	wife
back	college	come	fine	goshdang	got	important	kid	miss	or	pretty	say	something	suuuuuper	then	war	weird	went	when	whole	world	year
friends	hey	match	net	our	worth
admit	ai	boomed	china	factory	gotta	memes	pretty	these	us
8883	ones	real	thread	weekend	where
3000	as	compare	contract	contractor	defense	did	digging	found	government	had	listed	lockheed	makes	raytheon	some	them	usaspending	vaporware	want
best	buy	if	survive
gourd	oh
believe	calls	or
already	barrel	brics	bull	china	cycle	debt	does	dollar	has	interesting	into	longer	natural	own	part	petro	place	process	reason	red	see	thrown	trade	trump	underway	usd
8882	cost	going	ll	spy	take
ball	going	here	retarded
10	affect	been	cause	course	cut	decline	down	getting	only	reverse	slow	tariffs	think	weeks
haha	loss	month
41	breaking	cage	challenges	differences	mango	match	news	settle	their	wrestlemania	xi
almost	back	breakeven	brought	didn	down	favorite	graph	last	nothing	part	personal	rode	sell	spike	then
carryover	indefinitely	life	taxpayer
moar
club	from	insider	let	mango	nuke	only	space	sure	trading	way
believe	cannot	didn	drop	during	monday	sell
below	both	came	cpi	expectations	guy	job	jpow	ppi	quant	week
30	bored	only
anymore	by	companies	even	isn	read	resume
delta	wasn
mean	regards	retards	warm
announce	bank	colapse	deep	harmonized	instrument	international	shits	some	spontaneously	strategic	swap	tariff	waiting
existed	forgot
heads	thanks
done	nicely
america	right	short
affected	afford	always	among	anyway	been	by	china	circle	commitment	costco	day	dei	even	everybody	hardcore	hasn	interesting	kick	killing	ll	long	much	once	phony	program	see	shop	shoppers	shopping	stopped	stung	sucked	tariffs	their	those	thought	tinyhands	us	ve	virtually	want	who
5000	gyina	hook	let	looks	off	phone	ready	ring	years
186	4359	522	540	ban	banned	bet	did	discord	go	hours	join	local	losses	lost	made	record	spy	their	wall	week	were	when	wins	within	would	wsb
10	also	an	behind	dumpster	eat	frostys	handy	hiring	hour	wendy
amirite	ass	bolster	china	could	covid	dont	economy	failed	great	greatest	he	hmm	home	kissing	ll	policies	politically	pressure	sir	sounds	tank	think	tired	trade	tv	under	war	when	who	winning	xi
broken	carts	deal	or	smooth	walmart
25bps	90k	cuts	fed	fellas	if	might	port	rates
against	america	bet	get	when
same
24	blame	down	from	gays	highs	recent	who	wonder
boycott	might	off	one	say	sunglasses	takes	were
addicted	am	monday	wait
50	am	anime	bbq	being	betrayals	by	chips	convenient	every	few	greatest	harder	level	pissed	pop	potato	real	speak	than	their	them	then	things	when	wife	yourself
4260	am	cooked	did	weekend
brother
belong	hah	here
agencies	asked	assert	caved	citing	court	donald	executive	explains	fed	federal	fire	has	him	independent	let	lmao	need	officials	pivoted	power	president	regulators	supreme	today	top	trump	two	us	why
barfed	by	capitaliq	commercial	company	defense	description	dude	evaluate	fuck	hybrid	intern	iq	its	looking	low	marketing	models	only	out	pager	price	read	reads	really	revenue	sector	shitty	stock	who
admins	ban	caught	day	fucking	last	retard	using
avoid	go	others	people	said	walmart
allowing	as	cock	one	similar	well
call	cash	gee	jay	meow	seven	went	worth
bois	dollar	go	goes	if	infinity	our	rich	stocks	thank	then	us	yippee	zero
aapl	calls	gbtc	long	mostly	mstr
america	build	china	coal	fusion	future	going	lmao	new	our	science	technology	working
10	_so	consecutive	far_	weeks
1934	comparison	germany	literally	us	used
chicken	jockey
full	go	retard
act	after	create	day	days	drop	few	happened	holiday	hype	lmao	mango	months	never	new	nonstop	presentation	talk	then
chart	draw	look	making	proud	retard	seriously	square	trying	wave	why
4267	advertisements	aka	anduril	as	better	big	bigger	buy	capital	chasing	companies	company	compliance	conclusion	contracts	corp	cough	couple	decent	dod	donjr	enter	equipment	etc	flag	growth	heck	hence	holding	holdings	if	industry	ip	ipo	looks	may	mba	meaning	mgmt	momentum	ndaa	need	niche	nor	op	owned	plan	rcat	red	riding	scaling	sell	selling	shilling	stuff	successes	team	their	them	umus	update	us	website
after	bro	buy	day	yesterday
egg	futures	held	long	onto	poultry	too
everyone	happy	reeeeeeeeeeetardations
back	battle	bringing	closet	damn	dude	fd	felt	free	god	haven	love	next	our	retarded	since	went
beyond	friday	how	me	pumped
literally	lost	money	ve	week
4271	green	lmao	tsla
get	here	lets	retarded
crayola	favorite	flavor	your
ahead	better	cash	expectations	get	highest	inflation	out	since	year
called	check	has	if	phone	someone	working	xi	yet
4x	amount	an	anything	brand	bulk	carry	cheaper	damn	extent	get	if	least	left	literally	lol	mainly	mart	one	only	popular	quality	sam	scents	smells	soap	usually	wal
10k	beauty	been	bowl	buy	clothes	did	easily	grocery	haven	home	know	me	missing	products	shopping	since	spend	super	too	weekly	year
already	die	fucking	life	long	need	too	way
god	thank	week
retarded
holding	kind	scared	weekend
down	get	goes	screwed	somehow
always	banned	could	getting	irl	retarded	say	without
found	killjoy
10	208	account	age	ago	best	comments	dd	discord	first	join	previous	report	seen	submissions	total	user	wsb	years
17th	advised	after	april	as	because	calls	closes	earnings	excercised	expire	fucked	netflix	night	same	thursday
go	pack	screw	tahgit
airline	meant
10	1000	china	clear	concede	dope	drills	dropping	everything	force	him	into	its	memes	panic	pretty	resulting	spy	strat	tarrifs	these	troll	when
applying	germany	hopefully	jobs	started	stay	years
especially
6k	9k	been	day	depressed	fuck	go	gonna	instead	made	man	myself	potential	sorry	ve
didn	do	dog	him
chinese	do	does	green	tariffs
legit	net	worth	your
ago	anyway	approved	auto	believe	click	cnbc	couldn	crush	exist	fact	follow	found	got	had	hot	instagram	kate	knows	married	me	means	noticed	pending	private	profile	public	remove	removed	requested	requests	rooney	sad	see	small	today	went	when	while	ws	years
bank	boring	nflx	week
been	nothing	special	them	ve
also	made	millions	one	seen
after	bank	banks	believable	day	dumped	flat	larping	least	mentioned	open	read	rest	rose	say	sold	someone	specific	stayed	then	today	your
support	thank	ur
100	asleep	calls	case	falling	hand	he	his	phone
mr	nah	remembers	turbotax
234	89	dont	even	fartcoin	know	month	peasant	week
building	city	skyline
ai	before	count	drive	got	job	lose	through	ve	wendy	window	year	your
4271	affect	asked	believe	car	cybertruck	dont	drives	fixed	forever	get	go	had	he	him	his	if	known	love	media	owner	parts	posts	said	shop	social	tariffs	ve	would
always	giggle	made	me	something
comprehension	lacking	reading	see	your
makers	sayeth
exactly	ready	type	vehemently
balanced	china	goes	increases	perfectly	tariffs	us
donno	downvoted	getting	imo	why	wrong
4271	comes	do	expect	here	if	industry	margin	more	papers	sells	shrink	toilet
pet	teachers	ugh
dm	me
4271
brazilian	flair	retard
flat	ll	probably	stay
after	buying	calls	horrible	investment	monday	reading	sounds	thread
nope
fuck	retarded	retards	sub
actually	bad	plain	spaghetti
50	again	another	cant	dad	geez	give	work	years
18630	3k	4260	8883	besides	chemistry	losing	passed	test	today
position
didn	grandma	hi	know	reddit	were
badass	name	wutang
buy	girls	high	missed	never	onlyfans	out	school	sometimes	sure	went
12	18630	36	asleep	back	borrow	days	dollar	eat	energy	fat	fell	hour	hours	last	literally	luckily	midday	monday	money	need	next	night	scrounge	shift	spent	uber	use	woke	work	would
ard	reit
4271	break	few	go	kinda	let	man	out	rage	room	things	wanna
actually	by	chicks	don	even	give	given	leggings	logic	looks	may	only	own	see	shit	tanking	though	white	yet	your
bros	days	from	god	haven	life	living	sunset	traded	watch	worth
enjoy	here	regardless	some	themselves
better	business	distance	grocery	instead	literally	ll	loses	money	one	spend	store	than	walking	walmart	within
dd
98	empty	full	glass	see
2k	chill	disabled	first	gonna	investing	lost	options	them	week
cheeto	declare	denmark	expect	sold	war
