116	achieved	achievement	achieves	astonishing	blazing	boating	breaking	collaboration	combined	come	contribute	creating	cutting	danfoss	edge	editron	electric	era	feat	felt	generations	groundbreaking	highlight	highlights	hold	inc	innovation	isn	limits	ll	main	making	marine	mph	octillion	onto	partners	passion	pioneering	points	power	propelling	pushes	record	rewriting	ripple	ripples	rulebook	seats	shattered	shaun	skill	speed	systems	technologies	tldr	torrente	unthinkable	vision	water	watercraft	waves	world	years	your
10	before	catch	hlgn	hurry	moon	shoots
geo	wm
rvph	thoughts
growers	rise	sundial
000	100	125	2025	25k	2nd	30	33	35	4500	7500	actually	adding	addition	affected	all	american	angeles	annually	anymore	article	artificial	backing	based	bear	before	best	big	biggest	blazer	blnk	built	business	buy	cap	case	cash	ceo	chargers	charging	cheap	chief	china	chpt	combined	compact	compete	compliant	connections	cost	costco	country	cpo	credit	customers	cut	debt	demand	discount	do	doe	doubling	early	ebidta	electric	end	ending	entire	entry	equinox	ev	evgo	expand	expect	expecting	fast	firesale	florida	ford	forecast	getting	give	gives	globally	gm	grow	growth	half	hertz	high	hired	honda	implying	incentive	increasing	inevitable	infrastructure	insider	intelligence	interest	jeep	june	key	l3	last	launch	leading	least	leaves	led	leg	likely	line	loan	los	low	lower	major	many	massive	maximum	mentioned	models	month	multiple	must	nacs	names	need	next	no	north	nyt	oem	off	offering	officer	older	other	others	over	partners	partnership	parts	peoples	perfect	place	poised	positive	president	program	quarters	rafalson	rapidly	rates	recently	recharge	record	red	reduction	renew	republican	reserves	revenue	right	rivian	rolling	room	said	sales	same	sara	secondary	seeing	september	shares	si	sideways	small	someone	soon	sooner	space	spike	squeeze	standard	states	stations	stellantis	straight	strong	take	talent	tariffs	tesla	texas	thesis	thus	time	timeline	together	took	toyota	trading	under	upgrade	us	usa	vehicle	vehicles	vice	vp	want	we	week	where	whereas	winter	year
100	fact	hurts	truth
catalyst	earmings	earnings	event	financial	marketwatch	news	stonkvest
money	yup
350	chatter	heard	upto
consolidating	currently	high	however	irdm	level	uptrend
eod	shorts
250	40	500	60	70	advice	bad	below	blgo	crypto	cuz	do	don	double	down	else	first	icu	idea	im	invest	investing	kinda	kulr	lmk	lot	money	much	nvidia	optt	partial	put	reddit	right	robinhood	should	since	something	spend	spending	start	think	thinking	thoughts	time	tmmw	too	using	want	why	young
acquisition	adding	massive	watchlist
bring	clean	elect	energy	headwinds	here	long	note	profitable	promising	sector	time	too	trump
down	downtrend	fdx	ice	still
coin	doge	elon	lot	tweeting
markets	world
3oz8xzgfhartvh99yi	gif	giphy
info	nice	post
2024	above	afterwards	anything	anywhere	compliance	extension	find	lose	mentioned	seem	spring	traded	well	when	which	word
byddy	mark	words
hold	should	thank	we
24	28	87	average	big	cents	dip	entered	fortunately	potential	profits	upswing	yesterday
street	target	word
joby
118	alone	bristol	cancer	center	checkpoint	chemotherapy	clinically	combination	determine	doublet	efficacy	enrolled	evaluated	first	free	half	hospital	ii	improvement	inhibitors	ipilimumab	leads	line	malignant	mesothelioma	mpm	multi	myers	nipu	nivolumab	objective	oslo	patients	pfs	phase	platinum	pleural	primary	progression	randomized	receiving	second	significant	sponsored	squibb	standard	study	supported	survival	treatment	trial	ultimovacs	universal	university	uv1	vaccine	whether
accurately	dope	fires	forest	predict	these	would
dvax
access	brace	cuts	off	russia	swift	volatility	west
gappers
accurate	activity	always	conversely	corn	crude	decline	depends	direction	does	euro	expect	expectations	factors	gas	generally	gold	higher	however	important	indicate	indicates	indication	indicators	influence	investor	look	lower	many	natural	note	oil	optimism	pessimism	predict	rise	sentiment	spy	suggest	suggesting	used	various
already	established	ft	generated	geo_usa	ind_stocksonly	list	pb	sh_avgvol_o2000	sh_curvol_o5000	sh_instown_o50	sh_relvol_o1	sma	started	ta_rsi_nob60	ta_sma200_pa	ta_sma20_sa50	ta_sma50_sa200	technical	uptrend	weekly
awesome
happening
acn	acquires	actionable	aerocontractors	air	aircraft	airlines	alerts	almasria	always	aviaci√≥n	aviation	boliviana	bullish	cancellations	computes	couldn	cse	cutting	de	despite	developments	discussions	edge	egypt	ethiopian	exciting	fascinated	feel	gaining	group	help	highlighted	holds	include	industry	inflight	innovative	insights	isms	leading	live	ltd	main	making	modern	modernizing	monitoring	navigation	news	nigeria	offering	ongoing	operations	optimizing	peace	points	potential	proposals	provides	providing	read	real	recent	safety	sales	showcase	significant	sna	solutions	someone	stumbled	summary	system	systems	talks	time	tldr	tracking	traction	transmission	trend	upgrades	upon	valuable	waves	who
add	mik
bro	buy	car	cool
ats	finra	weekly
12855584	296895	46	6026762	date	ppsi	shorted	shortexemptvolume	shortvolume	symbol	totalvolume
cot	eow	highlights	report	summarized	summary	weekly
am	ape	changing	crayon	eating	forgive	hitting	humble	landing	me	moon	no	please	realized	submit	title	typo	waiting
cyberlux	investment	long	term	upset	wont
companies	doing	should	stuff	wholesome
buy	don	q3	report	trash
50	another	back	break	do	easily	last	rip	same	thing	think
crash	didn	disaster	expectation	fast	happen	honestly	house	republican	think	unexpected	whenever	white	would
news	sideways	waiting
anything	capital	check	else	free	gains	key	make	net	people	put	re	risk	rn	suckers	then	these	things	usually	vs	working
chart	drone	ge	here	news	rose
amc	day	fsr	hrs
14	dec	drop	falling	still
do	hive	think
advanced	agentnlp	ai	all	appointments	booking	businesses	buyers	call	calls	cases	centers	changing	clinics	communicated	communication	corp	cse	customer	delay	doctors	easier	easily	efficiently	enhance	ensuring	essential	estate	everyone	experience	firms	guests	guidance	handle	handled	having	healthcare	helping	helps	hey	hour	improve	incoming	industries	info	inquiries	law	listings	looking	make	manage	many	means	missed	no	offices	ordernlp	patient	potential	property	providing	real	receptionist	reduce	repetitive	reservations	responds	restaurants	service	smart	smooth	smoothly	solutions	streamline	stuff	syntheia	tasks	tldr	tools	use	using	virtual	wanted	way	without	work	works
serious	unexpected
83	hit	same
did	first	his	roids	term	unexpected
66	again	explain	hours	later	me	minutes	rises	someone	tme
ago	arhs	because	christmas	closed	days	down	furniture	gonna	industries	really	selling	think	two	united	who
btcusd	cap	charts	coinbase	cryptocurrency	ethusd	highlights	jasmyusd	pepeusd	prices	trends
uaa
absolutely	again	anyway	available	better	candidate	chance	democrats	did	do	had	him	keeping	last	laughable	leadership	lots	no	office	person	poison	republicans	show	stances	state	straight	than	though	tired	trump	useless	vote	way	we	win	winning	would	years
3d	before	cool	getting	late	modelling	popular	too
dump	pumps	should	these	things	we
bear	both	bull	fight	giving
bagging	expansion	funds	growth	inc	labrador	making	megawatt	mineral	moves	raising	re	resource	resources	serious	shows
arkb	bigg	bitb	bitcoin	bitf	brrr	btbt	btcm	btco	btcq	cifr	coin	defi	dmgi	etfs	ezbc	fbtc	gbtc	glxy	gree	hive	hodl	hut	ibit	mara	mining	riot	sq	wulf
gainers	invest	premarket
able	aiming	all	also	anyone	anything	anyway	appreciated	battery	been	before	being	bell	bmw	called	chain	companies	corp	critical	crml	currently	dd	done	em	europe	fast	figured	first	guys	had	happen	hey	including	insights	integrated	last	little	lmao	lmk	local	look	looking	make	metals	mining	miss	mou	nasdaq	nature	nice	other	paced	payment	pool	post	pre	production	rang	re	seen	sense	supplier	supply	ticker	time	turn	under	usd	vacation	ve	watchlist	well	which	while	work
bring	car	charged	coffee	driving	elva	everything	home	imagine	restaurant	shop	simply	wait	walking	your
purchase	site
eod	shorts
buy	don	green	red	when
08	11	25	58	65	97	adding	adjust	announced	auto	avoid	banned	because	big	bigger	billion	bitcoin	brand	broader	buying	canada	cash	center	ceo	chain	change	china	chinese	chip	chips	close	closed	cnbc	cohen	come	compete	comply	console	core	cost	criteria	cut	day	decade	designed	discount	dollar	don	early	earnings	efficiency	energy	ev	evening	every	expecting	export	family	financial	firms	first	fit	flying	following	footsteps	froze	full	game	gamestop	h20	happen	hugely	ibd	inbox	incentive	june	knows	latest	launch	local	losers	losses	make	matters	meet	microstrategy	might	millions	move	nearly	never	newsletter	next	nintendo	nvidia	off	players	pressure	programs	putting	quite	rebates	refocus	regulators	released	relieved	report	reports	reserve	retail	retailer	reveal	revive	right	rules	rumors	ryan	sales	say	scoop	sector	seem	selling	sherwood	shut	soon	standards	struggled	struggling	subscribe	successful	switch	tariffs	tech	tesla	times	tree	urging	version	video	want	week	were	winners	worse	yahoo	your
accurate	activity	always	conversely	corn	crude	decline	depends	direction	does	euro	expect	expectations	factors	gas	generally	gold	higher	however	important	indicate	indicates	indication	indicators	influence	investor	look	lower	many	natural	note	oil	optimism	pessimism	predict	rise	sentiment	spy	suggest	suggesting	used	various
145	2025	4675	55	april	china	group	hkd	hongqiao	limited	million	recently	repurchase	shares	significant	spent
amc	anyone	did	disgusting	gme	kavl	put	seen	shorts	than	together	worse
attracted	brief	buy	curiosity	december	did	end	ll	look	luck	pass	taking	think	though
able	all	aquafina	because	better	big	bonus	box	called	cardboard	concluded	cost	curiosity	dasani	definitely	different	drinker	drinking	eating	environment	environmentally	expensive	flow	found	friendly	fun	gents	girl	got	grocery	guys	habits	had	haha	haven	her	hey	honest	hooked	increases	items	kept	know	let	little	live	looked	looking	lot	make	making	massive	me	money	most	nation	obscure	other	packed	partnership	pick	picking	pr	publicly	really	recent	recently	revenue	saw	seeing	she	should	something	sometimes	sorts	started	store	stuff	tasted	than	thanks	things	think	told	ton	traded	traditional	try	tsx	unique	vs	want	water	we	well	were
private
bottom	catalyst	double	inflation	khc
earnings	go	great	never	seems
avct	chance
media	social	tickers	top	trending
ats	finra	weekly
downtrend	support
11	13	500	agree	avoiding	big	buying	companies	dan	doing	down	fedex	giants	headed	hear	indexes	machine	mid	money	nasdaq	newsletter	nike	plague	povs	re	real	recession	retail	seems	sized	slowing	small	times	tough	turns	want	warning	we	wobbling	worse	worst
yes
few	gme	high	hodl	never	profit	sell	short	squeeze	then	too	want	way
analyst	downgrades	nasdaq	recommendations	upgrades
buy	cryptos	do	yall
popping	trending
advice	analysts	follow	influencers	looking
btcusd	cap	charts	coinbase	cryptocurrency	ethusd	highlights	jasmyusd	pepeusd	prices	trends
across	additional	africa	also	anyone	atlas	based	battery	become	been	benefit	brazil	came	cars	clean	concentrate	country	crucial	curious	dd	demand	designed	doing	electric	else	energy	environmentally	especially	exploration	favorable	following	forward	gaining	gerais	grade	hear	high	huge	insights	largest	major	methods	minas	modular	moving	part	plant	popularity	position	processing	produce	production	project	re	renewable	rise	shift	shipping	south	storage	sustainable	tech	than	thoughts	traditional	vehicles	which	working	your
cot	eow	highlights	report	summarized	summary	weekly
ipos	performance
doge
aimed	analytics	anyone	article	asap	attendance	banzai	bnzi	bros	called	campaign	cause	cisco	companies	easier	economist	enhanced	features	found	guys	hey	improving	inc	including	info	insights	interface	international	introduced	lmk	love	management	marketing	news	notable	performance	platform	product	re	reach	read	recent	recently	redesigned	saw	several	space	strategies	supposedly	targeted	these	through	tracking	update	user	users	version	wanted	webinar	who	would
amc	bby	bottom	rock
21	climb	confirm	cross	ema	fans	let	line	purple	started	uptrend
been	looking	ve
ok	thanks
interested	ll	ngl	plays
aapl
capital	confidence	performance	recent	showing	strong
ats	finra	weekly
10	15	20	50	across	adp	advice	apple	between	distributed	ha	hold	long	looking	majority	much	nothing	number	others	shares	short	small	still	term	terms	tsla	where
accurate	activity	always	conversely	corn	crude	decline	depends	direction	does	euro	expect	expectations	factors	gas	generally	gold	higher	however	important	indicate	indicates	indication	indicators	influence	investor	look	lower	many	natural	note	oil	optimism	pessimism	predict	rise	sentiment	spy	suggest	suggesting	used	various
acquisition	agreement	definitive	here	newbie	stick
01378	12	2025	64	announced	april	china	cost	group	hk	hkd	hongqiao	limited	million	per	repurchase	repurchased	shares
am	ask	been	call	capital	community	couple	create	deep	degenerated	different	dividend	during	equities	example	finance	first	friends	gain	group	high	ideas	interested	king	knowing	last	little	lot	lots	months	morning	non	plans	portfolio	portfolios	positive	project	researches	safe	second	small	someone	stay	student	studies	value	were	work	working	would	yield	young
amc	cvna	gme	intc	nvda	threshold
dip	wait
4m	600k	almost	approved	assuming	base	before	cash	certainly	comes	dependent	dilution	failing	funding	geert	gets	gotten	hasn	leaps	massive	money	multikine	pay	phase	preclinical	product	ridiculous	run	salary	study	ten	through	without	years
atus	crushed	discount	earnings	huge	right
eod	shorts
aerc	day	float	low	rip	super
anything	tomorrow
15	20	according	call	every	except	few	follow	her	made	rbdx	right	rocky8888	she	twitter	were
amc	cvna	gme	intc	nvda	threshold
buy	keep	look	next	recommended	week
cgc
got
bank	dead	everyone	first	frc	let	people	power	republic	save	says	show	us	waiting
auy	co	day	doing	gold	group	metals	miner	platinum	trade	well	yamana
hold	tesla
popping	trending
ats	finra	weekly
2024	also	america	american	anyone	automakers	battery	ceo	china	controls	current	demand	discussing	doing	drop	economist	else	especially	ev	event	export	figured	found	growing	guys	happening	here	heres	hey	hugues	impacts	importance	includes	industry	intelligence	interested	jacquemin	jan	link	manufacturers	matt	mining	north	northern	online	over	player	primed	producer	research	seems	sherwood	significant	sole	state	strategy	talking	unit	well
btcusd	cap	charts	coinbase	cryptocurrency	ethusd	highlights	jasmyusd	pepeusd	prices	trends
chart	companies	product	solid	too
atlas	brazil	develop	electric	eye	keep	major	position	reserves	sector	significant	successfully	supplier	vehicle	yeah	your
go
100	between	funds	index	ishares	options	split	vanguard
appreciated	much
bad	crashing
adausd	btcusd	crypto	dogeusd	ethusd	pepeusd	shibusd
administration	agriculture	boom	gem	here	looks	next	sector	should	too	under
btcusd	cap	charts	coinbase	cryptocurrency	ethusd	highlights	jasmyusd	pepeusd	prices	trends
markets	world
25	5000	all	also	annual	because	belive	between	contribution	dividend	dividends	dollars	done	drawdown	hey	incredible	kings	less	made	margin	outperformed	painful	periods	reinvested	results	returns	simulated	soon	spy	statistical	suffered	till	used	well
chart	done	enter	image	link	posted	technical	thread	ticker	tradingview	want	which
100k	fucked	hands	happens	hodl	our	paper	rest	sell	us	who
again	bc	ice	maybe	storms	think
trending
anyone	did	disgusting	kavl	seen	shorts
eod	shorts
date	day	dividend	dropped	expecting	pr	record	tyde
downtrend	nak	very	volatile
markets	world
btcusd	cap	charts	coinbase	cryptocurrency	ethusd	highlights	jasmyusd	pepeusd	prices	trends
added	closely	following	watchlist
feel	gonna	soon	tank	though
acquisition	feel	kinda	nonetheless	random	still
12	also	around	believe	current	date	gives	htzzw	purchase	right	sell	specified	till	valid	warrant
advice	appreciated	book	bull	candle	crypto	etc	friend	got	guys	he	hey	introduced	knowledge	mentioning	online	resource	terms	topic	trading	would
cftc	commission	commitment	commodity	cot	different	information	issued	markets	options	positions	provides	publication	report	traders	trading	types	weekly
potential	trend	undervalued
lets	perform	pre
gappers
analyst	downgrades	nasdaq	recommendations	upgrades
00	11	1242	auy	baba	bp	currently	fb	helps	hoep	own	plan	profits	range	take	tsla
gappers
confused	dwac	got	whoops
aurcana	copper	energy	nevada	silver	trillion
cannot	complain	nice
accurate	activity	always	conversely	corn	crude	decline	depends	direction	does	euro	expect	expectations	factors	gas	generally	gold	higher	however	important	indicate	indicates	indication	indicators	influence	investor	look	lower	many	natural	note	oil	optimism	pessimism	predict	rise	sentiment	spy	suggest	suggesting	used	various
all	am
invest	shoot	tomorrow
analyst	downgrades	nasdaq	recommendations	upgrades
