lots	red	seeing	ticker
didn	thank
dump
delusional	guy	lose	never	old	queens	trade	understood	war
chart	conversion	dumb	sorry	usd
pls	respond
also	calm	consequence	considering	decisions	footed	irrational	makes	quick	response	stupid	sure	while	without
badly	does	feel	joke	law	matters	might	nobody	rule	seems	total	wasn	why
american	anymore	comes	hope	idgaf	know	lesson	teach	top
blind	did	didn	pretend	put	time	trust
comedy	gold
called	winning
30	50	81	absolutely	actually	bond	bonds	down	dropped	dxy	every	february	front	increased	interest	losing	over	period	pushing	rates	said	same	since	some	year	yet
first	thought
americans	brain	dead	lol
4900	app	bought	deleted	doom	gloom	gonna	itself	trading	work
fuck	less	plan	poor
backtracking	bad	changes	course	demise	economic	far	fast	go	idea	our	own	realizes	really	rooting	slightly	terrible	worked
maga	must	said	true
basis	causing	could	happening	know	most	point	really	selloff	speculation	time	trade	unwinding	way	why
four	help	lying	take	years
bills	holders	iirc	japan	largest	two	uk
advice	biggest	bunch	center	circle	filtering	gets	hear	himself	idiot	idiots	may	surrounded	telling	wants
actually	american	aren	attack	away	billions	calculated	did	dumb	every	friends	getting	got	intentionally	invest	know	let	lol	ones	person	playing	rich	robbed	shorted	single	smart	walked
certificate	copy	form	graduation	ideally	kindergarten	long	version
actually	feel	illegal
9000	over
felon
22	article	beat	data	dca	etf	fine	fxaix	growth	higher	ie	into	invest	investing	know	lump	minimizes	need	risk	schd	slightly	sum	tends	versus
027	100	dose	mean
ashes	burn	evil	ground	man	nation	over	own	rule	sun	tzu
after	crazy	mess	much	pardon	power	someone
clown	fuck	fucking	moon
aggressor	allies	remembered	siding
actual	change	clarify	country	definitions	dictatorship	documents	frame	government	importantly	known	moving	reference	stating	talking	these	using	verbiage	want	way	words	works
annoying	attention	bigger	brother	ego	extremely	high	little	tantrums	throwing
disgusted
bonds	carney	cashing	currency	eu	fine	jpn	later	mastermind	saved	strengthen	stronger	til	uk	usd	vs	want
boomers	bro	himself	lmao	quoting	signing	tweets	why
against	allows	always	awesome	because	care	changing	did	dumb	end	excuses	genius	hand	least	liberals	live	love	making	never	proof	someone	still	stuff	through	upper	vicariously
because	build	consistently	everything	inheritance	isn	itself	level	pauper	reached	reason	ruins	support	tends	touches	wealth
accurate	especially	financial	information	subreddit	useful	week
anal	arbitration	becuz	isis	maga	pass	reciyclical	see	smart	tariffs	very	won	wrong
brain	id	power	sort	strategy
also	around	begging	bond	bouncing	call	than	thing	worse
bans	bumping	chest	conservative	currently	deporting	firing	high	judges	over	school	sports	stories	students	trans
assets	cheap	come	cool	cost	crashing	devalue	didn	down	exports	geniuses	got	ked	other	price	realize	usd	wanted	well
couldn	dumbass	had	literally	man	nothing	party
before	cares	day	did	lose	month	much	paper	week
clint	description	donald	eastwood	first	guy	jones	last	lee	mind	sutherland	tommy	went
agolf	shittler	tangerine	toddler
belong	better	criminals	jail
apart	bad	build	crash	currently	economy	everything	goal	major	man	need	new	plan	please	stupid	understand	usd	wake	want
fold	wants
2025	based	build	chatgpt	data	fucker	giving	model	orange	results
deep	derailed	enough	goes	had	help	her	intentionally	kwarteng	kwasi	learn	left	liz	next	perfect	plan	plays	politicians	radical	remove	same	saying	scale	sense	smaller	something	state	step	steps	then	truss	uk	usa	way	where
asking	command	cons	dumbass	job	opinions	opposing	person	pilot	pros	second	sunbound	sure	vessel	views	weighing
1969	1973	1974	1999	80	across	agnew	allowed	already	another	ass	attention	away	base	become	been	bolton	both	called	center	congress	could	coup	crimes	criminal	criminals	cry	destroys	dollars	dream	easy	elected	electing	ending	engineered	ensure	epitome	exact	expecting	extention	face	far	federal	figure	first	fleecing	ford	free	future	gaslighting	gerald	globe	gop	got	government	guy	had	happier	haven	here	highest	history	honest	house	immensely	immortal	install	instead	intent	into	justice	kind	land	left	let	life	line	lives	living	local	long	me	memory	michael	most	nations	nearly	never	nixon	occupied	off	office	officials	oligarchs	opposite	other	party	past	paying	political	popular	positions	pound	price	prison	put	question	rallying	really	regain	representation	republican	rest	richard	scot	see	similar	since	sort	space	spent	spiro	state	taxpayer	terms	then	these	true	typical	vice	voted	vp	walk	way	well	were	white	whole	why	wing	without	words	world	worst	years
allies	anyone	blame	clear	else	game	interests	likes	made	play	rule	self	yourselves
77	clearly	million	ok
6969	riot	tariffs
admin	car	clown	entire	gets	imagine
after	along	blame	fake	having	himself	least	maybe	nobody	tan
also	amazed	embargoing	kind	military	minerals	needed	sectors	strategic	talking	tech	your
again	blatant	change	cluster	end	ever	forced	fuck	grift	happening	laws	let	longer	much	partisan	passed	prevent	rules	sitting	take	terrible	those	time	unanimously	until	want
did	others	pelosi	same	several	thing
become	common	needs	razor	term
manipulation	today
does	feel	matter
might	perfect	some
grief	mf	signs	texts
created	first	place	refugees	those	though
cards
goddamn	joke	tired
better	black	blue	felt	lambo
biggest	chinese	great	muslim	non	praising	russia	supporter	taiwanese	talking	ukrainian	wild
1945	annex	arming	better	currently	entire	free	genocides	greenland	hawaii	invaded	iraq	israel	late	lie	mic	minerals	nation	native	over	panama	root	starvation	supported	threaten	ukraine	vietnam	wipe	yeah
am	cyrpto	everything	guitars	naming	proved	sneakers
burned	dragon	face	idiot	off	orange	poked
bob	great
call	gone	gonna	wendy
ass	kiss	maybe
absolute	favourite	tangerine	twat
clause	emoluments	lol
really
advisor	based	book	chatgpt	classes	destroying	fictional	financial	grok	helbent	middle	minus	off	oligarch	plans	policy	poor	russia	take	thiel	use	wants	windows
fairly
bullshit
cent	crashing	huh	sooo
advisors	qualified	tell
destroying	economy	sure	then	well
handed	incredible	platter	silver	situation
enough	face	feel	few	hit	markets	news	prez	smart	square	tuned	ve	weeks	won
because	clearly	effing	lost	mind	office	take	why
between	lines	pretty	read	sad
build	empires	fall	fickle	know	lifetime	lose	matter	point	seconds	takes	thing	trust
after	art	battle	become	been	described	scenario	seeks	strategist	sun	surprised	tzu	viable	victorious	victory	war	won	wouldn
american	complete	crooks	felons	greed	lying	sell	serve	these
american	burgeoning	care	col	dictatorship	force	investment	jingping	long	mad	neoauthoritarian	over	portfolios	power	public	state	subjects	takes	through	trade	war
agree	americans	cannot	change	countries	health	instantly	manufacturing	medical	move	other	quickly	risks	today	way
_are	curve	dude	enough	fuck	germany	guys_	japan	knows	korea	land	north	perhaps	rebound	such	turned	where	world
bob	great
en	passant
anymore	conservative	simply	talk	well
acts	actually	circulate	felon	gonna	lie	orange	probably	result	shit	speaks	talk	thinks	way
arms	coming	crying	deals	didnt	sense	then	usa	want	why
context	go	power	sick	together
45	99	oooooffff
allies	anymore	lol
economics	expect	lick	really	understand
administration	anything	comparison	damage	days	fan	few	fucking	hasn	here	hitting	keep	nightmare	other	pale	pr	shit	started	tariff	tariffs	than	unleash	yet
allows	another	anything	because	bullshit	cheaper	deficit	dollar	edit	entirely	exports	find	gets	google	guy	higher	imo	lessen	missing	point	products	reason	relation	seems	stronger	trade	wants	weaker	why
idiot	too	well
magnificent	shit	such	thank	while
been	civilizational	collectivism	cycles	deeply	election	focused	game	generational	individualism	into	isn	lean	legacy	lifetimes	long	might	military	opium	patient	playing	preparing	prioritize	since	single	strategy	thinking	trade	wars	where	year
2028	belichick
cost	couldn	effective	firing	giving	handouts	need	spacex	squad	use
nice
concern	constitution	declare	delay	excuse	give	law	martial	mid	suspend	terms
anywhere	back	bond	close	earlier	every	himself	laugh	mistakes	much	near	need	needs	night	panicked	selloff	signaled	sit	sleep	usa	watch	week
bro	full	quote	retard	thunder	tropic	try	went
blatant	commit	crime	exactly	flawless	happen	making	monarchy	normal	nothing	presidency	prosecuting	scotus	sec	thanks	unable	version
anything	bad	believe	hell	holy	irange	long	man	morons	someplace
bad	donald	insider	nancy	pelosi	trading
accelerate	ago	asked	book	chatgpt	comply	could	else	everything	happening	help	hypothetical	issues	list	month	refused	said	typed
makes	me	vomit	want
agree	chamber	conservatives	continuing	cool	deal	each	echo	ever	funded	listened	love	manipulation	okay	other	podcast	propaganda	russian	same	smart	stupidest	sure	though
4th	because	cause	chinese	cripple	economy	factory	faults	goods	halt	import	imports	literally	loans	lose	massive	same	than	true	unemployment
happy
jail	sums	today
better	call	day	desperation	em	expose	other	reason	record	than
apparently	big	children	eating	guns	job	part	priorities	stopping	unless
belief	country	ever	feel	happened	logically	matter	person	philosophy	political	reinforced	support	thing	worst
also	been	bonds	diversifying	eyes	higher	japan	ny	risk	rolling	see	selling	sign	ve	why	yeah
reddit	removed
anything	does	gonna	here	matter	nobody
america	billionaires	blockchain	dark	destroy	dissolution	end	enrichment	goal	gothic	libertarian	look	maga	nonsense	personal	plan	replaced	stepping	stone	tech	youtube
during	laugh	thanks	these	times
bond	earlier	had	lower	rates	still	talking	than	year
47	comment	curious	delete	ll	months	remindme	super	wrong	years
allies	currently
chart	shows
american	americans	creates	fuck	funny	happy	higher	its	most	pay	prices	problem	where
moving	own	pockets	quickly
arbitrage	bonds	conclusion	country	dont	due	dumps	everywhere	fall	foreign	markets
flow	go	next	wanna	years
biden	debt	policy	something	trillion	which
administration	both	phones	someone	tell	ways	work
european	hours	investing	opens	stocks
administration	administrations	along	barely	been	blaming	bring	called	cannot	chose	claiming	deals	deep	into	lies	likely	meat	negotiating	preparing	previous	recession	sates	simultaneously	terrible	treading	trusted	united	victory	water	whilst	willingly
bad
americans	find	muslims	until	wait
ccp	change	country	daily	definition	dictator	dictatorship	every	got	propaganda	sure	wonders	worked
el	feelings	me	salvador	sent
cheeto	trumpedo
again	ago	crushed	economy	forget	gate	month	next	remember	ridiculous	singal	something	stopped	weeks
billion	fafillion	gagillion	percent	shabadabalo	shabadamillion	shabaling	shabalomillion
acts	appointed	elected	go	official	officials	performing	proceeds	public	those	treasury
allies	sure
100x	biden	conspiracy	coworkers	did	fauci	hunter	into	involving	listen	obama	talk	theories	things	way	work	worse
imbecile	life	never	once	orange	stick	thought
million	percent	stop	why
bed	care	day	went
aptitude	assumption	capability	learn	lesson	maga	possesses	statement	such	underlying	your
anyone	else	indicted	insider	motherfucker	trading	wednesday
bulletproof
chyyyynnnnnaaaaa
accept	advise	america	american	another	anything	criticizing	cult	dangerous	dcaing	does	dreams	entirely	few	government	guy	heads	hear	hold	hopes	keep	leader	literally	losing	lower	maga	most	part	patriotic	power	process	regardless	saying	straight	supplicate	talk	talking	tell	than	thing	things	trust	values	willingness
bakrupt	believe	casino	changed	could	mind	similar	something	thought	times	washing
12	2007	crash	euro	usd
ago	call	called	couple	gonna	hours	joke	probably
crashed	economy	here	liz	over	than	truss	uk	worse
again	congress	fuck	where
assets	before	capital	controls	foreigners	funds	imposes	liquidating	long	repatriating	stop
aren	because	been	bit	bonds	chinese	clever	currencies	data	different	dumping	english	french	hold	japanese	likely	many	mean	mute	note	nothing	own	pound	pretty	recently	selling	shows	surprised	these	very	welsh	wouldn	yeah
after	ai	brain	feeling	found	generated	hm	intervals	matrix	nonsense	random	these	tweets
actually	adversaries	afraid	again	anathema	because	being	care	ccp	chin	citizens	comes	committed	committing	compare	could	economic	economy	endure	expectations	extort	fallacy	far	forward	go	great	grossly	growth	hardship	health	humans	hurt	impart	isn	leap	let	ll	looking	lot	mean	miscalculated	much	nothing	perfectly	problems	projection	prove	ready	reality	scare	someone	strength	suffer	suffering	take	than	thereof	thought	through	time	upon	weak	willing	worse
along	backing	concepts	down	easy	insider	lololol	part	plan	pretend	totally	trading	well
crash	economy	either	fix	inherits	lot	outlandish	own	prove	seeking	something	stupid	successful	time	told	try	validation	whole	work	wrong
advisors	advocating	been	benefit	circle	closely	easy	economic	forever	look	ross	trumps	wilbur
7s	aces	cards	else	kings	lots	mostly	still	unfortunately
idiot	leader	life	manchild	regime	totalitarian	untouchable
art	deal	tactics	using	war
dollar	isn	pegged	rmb	somewhat
conservatives	farm	improper	own	peanut	remember	sitting	though
big	buyers	dump	enough	overwhelm	pace	sellers	slow	steady
alright	hate	into	ll	russians	saunas	super
against	currencies	currency	denominated	dollar	falling	flat	global	its	other	question	relative	since	stock	usd
australia	need	nuclear	still	submarines	your
assuming	bunch	first	hearing	made	rich	richer	sees	win	wonder
advisors	advocating	dollar	economic	miran	top	two	weaker
america	bullying	cartman	kenny	kyle	loner	loudmouth	near	nobody	stan	wants	without
thanks	whoops
acceptable	enough	lock	martha	prison	stewart	then
das	new	phone
6th	current	happened	jan	largely	madman	mcconnell	mitch	never	nightmare	prison	rampant	running	thanks
30	bad	dollar	drops	hhn	orlando	probably	too	won	year
america	ass	begging	best	biden	blame	call	called	come	deal	ever	gonna	great	kissing	ll	point	rich	some	then
beyond	commenting	curse	debauchery	democratic	dissatisfaction	ecstasy	end	face	frantically	free	gave	harm	here	indulging	inner	left	live	lost	master	mental	minors	nothing	own	poor	punishment	slave	still	then	thinking	until	vent	whatsoever	your
always	build	didn	dollar	factories	first	manufacturing	plan	start	weak
big	chess	playing	plays	tac	tic	toe	while
exist	its	party	pensions	rate	whole
5000	ahead	another	bankrupt	barely	completely	conquer	cut	grand	head	off	rest	scheme	steadily	steam	time	usa	while	world	years	yo
around	bucko	donnie	dumbfuck	gave	lmao	partners	trading	world
vibes
bond	chess	consequences	end	goal	had	intolerable	losing	made	move	pivot	reversing	sense	shakedown	understand	wasn	were	which
belongs	jail	news	old
also	anyway	because	further	high	increases	matter	much	post	probably	respond	said	tariff	won
10	after	boost	bullshit	comes	least	musky	naw	news	prices	some	spin	stock
giant	sleeping	woke
fraud	insider	jail	trading
april	chart	since
away	being	bullshit	cant	care	could	course	cult	dont	double	feel	forget	free	guess	hunters	last	least	line	new	oh	other	pecker	point	programs	results	sand	school	shit	some	taking	talking	thing	tv	well
bankrupt	bluff	cards	casino	hold	know	someone
ask	feel	go	our	sc	way
calls	day	love
broke	except	fake	guy	ultimate	until
death	drinking	effect	flavoraid	leader	side	support	thing	unfortunate
allies	american	bellarus	confused	know	other	russia	selling	treasuries
against	empires	fall	fascism	isn	pretty	revelation	tracks	warning	well
belongs	prison
adjacent	america	americans	baffling	come	completely	context	democracy	different	done	enough	ensures	essentially	european	fair	feels	first	heed	income	inequality	kind	majority	maybe	misguided	model	monarchy	nations	need	nobody	normal	other	protest	quasi	really	seemed	seems	since	stable	though	time	understandable	vote	want	warning	where	which	win	works
beautiful	bigly	digit	extra
hk	hold	much
comment	guy	irony	nihilistic	quite	realize	wonder
funny	ha	haha
acceptable	btw	carter	farm	jimmy	made	normal	peanut	perfectly	sell
dump	please
almost	congress	fucks	maga	nothing	unsurprised	unsurprising
bullshit	call
big	bigger	deficits	game	idiot	looking	picture	reminder	than	trade	wouldn
bet	impose	somewhere	tariffs
amazon	apple	companies	nvidia	overexposed	qqq	stick	tesla	these
does	drop	interest	rates
conceded	donny	higher	raise	tariffs	win
comment	edit	replied	wrong
coming	knows	tariffs
obama	thanks
ass	call	kiss	must	really	reason	want
biden	claims	could	presidency	sleep	still	success	through
cards	goes	holds	ll	see
addicts	bankrupt	casino	financially	fuck	gambling	games	girls	hot	idiots	irresponsible	maybe	pour	put	some	then	watch
characterize	exciting	guess	happening	way
arbitrary	assets	autocracy	basically	behaviour	breaking	come	coming	confiscating	consequence	crazy	decide	down	gold	haven	instead	insulting	law	messiah	orange	political	possible	produces	reason	recession	regime	rule	safe	seen	shifting	situation	start	tariffs	treasuries	unpredictable	ve	want	wants	were	whatever	without
art	deal
fr	lol
anything	begging	both	countries	deal	stop	tariffs	ways	works
read	where
